{
    "device_type": "D435i",
    "imus": [
        {
            "accelerometer": {
                "bias": [
                    0.061786100907233944,
                    0.5512391922947423,
                    0.32010857527334297
                ],
                "scale_and_alignment": [
                    1.0201881302220899,
                    -0.002424904559673865,
                    -0.025059115712218232,
                    0.008670336918084326,
                    1.0211592211622769,
                    -0.02416511326168902,
                    -0.007550884934839817,
                    0.005187717718309726,
                    1.0145323701078037
                ]
            },
            "gyroscope": {
                "bias": [
                    -0.0018238331193306757,
                    0.0019985318964475273,
                    -5.252020198133198e-05
                ],
                "scale_and_alignment": [
                    1.0,
                    0.0,
                    0.0,
                    0.0,
                    1.0,
                    0.0,
                    0.0,
                    0.0,
                    1.0
                ]
            }
        }
    ]
}